Workbook

Sheet Estoque de Produtos
A1: CONTROLE DE ESTOQUE — SALÃO DE BELEZA
A3: Código | B3: Produto | C3: Categoria | D3: Marca | E3: Unidade | F3: Qtd. Atual | G3: Qtd. Mínima | H3: Status | I3: Preço Custo (R$) | J3: Preço Venda (R$) | K3: Fornecedor | L3: Validade | M3: Localização
A4: P001 | B4: Shampoo Profissional 1L | C4: Cabelo | D4: L'Oréal | E4: un | F4: 15 | G4: 5 | H4: =IF(F4<=G4,"⚠ REPOR",IF(F4<=G4*1.5,"ATENÇÃO","OK")) | I4: 32 | J4: 65 | K4: Dist. Beauty | L4: 2027-03-01 | M4: Prateleira A1
A5: P002 | B5: Condicionador Profissional 1L | C5: Cabelo | D5: L'Oréal | E5: un | F5: 12 | G5: 5 | H5: =IF(F5<=G5,"⚠ REPOR",IF(F5<=G5*1.5,"ATENÇÃO","OK")) | I5: 35 | J5: 70 | K5: Dist. Beauty | L5: 2027-03-01 | M5: Prateleira A1
A6: P003 | B6: Máscara de Hidratação 500g | C6: Cabelo | D6: Kerastase | E6: un | F6: 8 | G6: 3 | H6: =IF(F6<=G6,"⚠ REPOR",IF(F6<=G6*1.5,"ATENÇÃO","OK")) | I6: 55 | J6: 120 | K6: Dist. Beauty | L6: 2027-06-01 | M6: Prateleira A2
A7: P004 | B7: Tintura Creme (diversas cores) | C7: Cabelo | D7: Wella | E7: un | F7: 40 | G7: 15 | H7: =IF(F7<=G7,"⚠ REPOR",IF(F7<=G7*1.5,"ATENÇÃO","OK")) | I7: 18 | J7: 45 | K7: Color Supply | L7: 2027-12-01 | M7: Armário B1
A8: P005 | B8: Água Oxigenada 20 vol. 1L | C8: Cabelo | D8: Wella | E8: un | F8: 10 | G8: 5 | H8: =IF(F8<=G8,"⚠ REPOR",IF(F8<=G8*1.5,"ATENÇÃO","OK")) | I8: 12 | J8: 28 | K8: Color Supply | L8: 2027-09-01 | M8: Armário B1
A9: P006 | B9: Pó Descolorante 500g | C9: Cabelo | D9: Alfaparf | E9: un | F9: 6 | G9: 3 | H9: =IF(F9<=G9,"⚠ REPOR",IF(F9<=G9*1.5,"ATENÇÃO","OK")) | I9: 40 | J9: 85 | K9: Color Supply | L9: 2027-08-01 | M9: Armário B2
A10: P007 | B10: Óleo Reparador 100ml | C10: Cabelo | D10: Moroccanoil | E10: un | F10: 10 | G10: 4 | H10: =IF(F10<=G10,"⚠ REPOR",IF(F10<=G10*1.5,"ATENÇÃO","OK")) | I10: 65 | J10: 140 | K10: Dist. Beauty | L10: 2028-01-01 | M10: Prateleira A2
A11: P008 | B11: Spray Fixador 400ml | C11: Cabelo | D11: Kérastase | E11: un | F11: 7 | G11: 3 | H11: =IF(F11<=G11,"⚠ REPOR",IF(F11<=G11*1.5,"ATENÇÃO","OK")) | I11: 42 | J11: 90 | K11: Dist. Beauty | L11: 2027-10-01 | M11: Prateleira A3
A12: P009 | B12: Esmalte (diversas cores) | C12: Unha | D12: Risqué | E12: un | F12: 50 | G12: 20 | H12: =IF(F12<=G12,"⚠ REPOR",IF(F12<=G12*1.5,"ATENÇÃO","OK")) | I12: 4.5 | J12: 12 | K12: Beleza Total | L12: 2028-06-01 | M12: Gaveta C1
A13: P010 | B13: Base Fortalecedora | C13: Unha | D13: Risqué | E13: un | F13: 10 | G13: 5 | H13: =IF(F13<=G13,"⚠ REPOR",IF(F13<=G13*1.5,"ATENÇÃO","OK")) | I13: 5 | J13: 14 | K13: Beleza Total | L13: 2028-06-01 | M13: Gaveta C1
A14: P011 | B14: Removedor de Esmalte 500ml | C14: Unha | D14: Farmax | E14: un | F14: 8 | G14: 3 | H14: =IF(F14<=G14,"⚠ REPOR",IF(F14<=G14*1.5,"ATENÇÃO","OK")) | I14: 8 | J14: 18 | K14: Beleza Total | L14: 2028-01-01 | M14: Gaveta C2
A15: P012 | B15: Acetona 1L | C15: Unha | D15: Farmax | E15: un | F15: 5 | G15: 2 | H15: =IF(F15<=G15,"⚠ REPOR",IF(F15<=G15*1.5,"ATENÇÃO","OK")) | I15: 10 | J15: 22 | K15: Beleza Total | L15: 2028-03-01 | M15: Gaveta C2
... A23: P020 | B23: Lixa de Unha (pct 50) | C23: Descartáveis | D23: Marco Boni | E23: pct | F23: 4 | G23: 2 | H23: =IF(F23<=G23,"⚠ REPOR",IF(F23<=G23*1.5,"ATENÇÃO","OK")) | I23: 18 | J23: 0 | K23: Beleza Total | L23: — | M23: Gaveta C3
A25: RESUMO
A26: Total de Itens Cadastrados: | B26: =COUNTA(A4:A23)
A27: Itens para Repor: | B27: =COUNTIF(H4:H23,"⚠ REPOR")
A28: Valor Total em Estoque (Custo): | B28: =SUMPRODUCT(F4:F23,I4:I23)

Sheet Movimentações
A1: REGISTRO DE MOVIMENTAÇÕES
A3: Data | B3: Código Produto | C3: Produto | D3: Tipo (Entrada/Saída) | E3: Quantidade | F3: Motivo | G3: Responsável | H3: Nº Nota Fiscal | I3: Observações
A4: 2026-03-25 | B4: P001 | C4: Shampoo Profissional 1L | D4: Entrada | E4: 10 | F4: Compra | G4: Maria | H4: NF-4521
A5: 2026-03-25 | B5: P004 | C5: Tintura Creme | D5: Entrada | E5: 20 | F5: Compra | G5: Maria | H5: NF-4522
A6: 2026-03-26 | B6: P001 | C6: Shampoo Profissional 1L | D6: Saída | E6: 2 | F6: Uso interno | G6: Ana | I6: Cliente VIP
A7: 2026-03-26 | B7: P009 | C7: Esmalte | D7: Saída | E7: 3 | F7: Uso interno | G7: Juliana
A8: 2026-03-27 | B8: P007 | C8: Óleo Reparador 100ml | D8: Saída | E8: 1 | F8: Venda direta | G8: Ana

Sheet Fornecedores
A1: CADASTRO DE FORNECEDORES
A3: Código | B3: Fornecedor | C3: CNPJ | D3: Contato | E3: Telefone | F3: E-mail | G3: Categorias | H3: Prazo Entrega (dias)
A4: F001 | B4: Dist. Beauty | C4: 12.345.678/0001-99 | D4: Carlos | E4: (11) 99999-1111 | F4: contato@distbeauty.com | G4: Cabelo, Pele | H4: 5
A5: F002 | B5: Color Supply | C5: 23.456.789/0001-88 | D5: Fernanda | E5: (11) 98888-2222 | F5: vendas@colorsupply.com | G5: Cabelo (Coloração) | H5: 3
A6: F003 | B6: Beleza Total | C6: 34.567.890/0001-77 | D6: Roberto | E6: (11) 97777-3333 | F6: pedidos@belezatotal.com | G6: Unha, Descartáveis | H6: 7
A7: F004 | B7: Estética Plus | C7: 45.678.901/0001-66 | D7: Luciana | E7: (11) 96666-4444 | F7: comercial@esteticaplus.com | G7: Pele/Estética | H7: 4
A8: F005 | B8: Higiene Pro | C8: 56.789.012/0001-55 | D8: André | E8: (11) 95555-5555 | F8: vendas@higienepro.com | G8: Descartáveis | H8: 2

Sheet Lista de Compras
A1: LISTA DE COMPRAS PENDENTES
A3: Data Pedido | B3: Código Produto | C3: Produto | D3: Qtd. a Comprar | E3: Fornecedor | F3: Preço Estimado (R$) | G3: Status | H3: Data Recebimento

Sheet Dashboard
A1: DASHBOARD — VISÃO GERAL DO ESTOQUE
A3: Total de Produtos Cadastrados | B3: =COUNTA('Estoque de Produtos'!A4:A23)
A4: Produtos com Estoque OK | B4: =COUNTIF('Estoque de Produtos'!H4:H23,"OK")
A5: Produtos em ATENÇÃO | B5: =COUNTIF('Estoque de Produtos'!H4:H23,"ATENÇÃO")
A6: Produtos para REPOR | B6: =COUNTIF('Estoque de Produtos'!H4:H23,"⚠ REPOR")
A7: Valor Total Estoque (Custo) | B7: =SUMPRODUCT('Estoque de Produtos'!F4:F23,'Estoque de Produtos'!I4:I23)
A8: Valor Total Estoque (Venda) | B8: =SUMPRODUCT('Estoque de Produtos'!F4:F23,'Estoque de Produtos'!J4:J23)
A9: Fornecedores Cadastrados | B9: =COUNTA(Fornecedores!A4:A100)
A10: Entradas no Período | B10: =COUNTIF(Movimentações!D4:D500,"Entrada")
A11: Saídas no Período | B11: =COUNTIF(Movimentações!D4:D500,"Saída")
A14: RESUMO POR CATEGORIA
A15: Categoria | B15: Qtd. Produtos | C15: Valor Estoque (Custo)
A16: Cabelo | B16: =COUNTIF('Estoque de Produtos'!C4:C23,"Cabelo") | C16: =SUMPRODUCT(('Estoque de Produtos'!C4:C23="Cabelo")*'Estoque de Produtos'!F4:F23*'Estoque de Produtos'!I4:I23)
A17: Unha | B17: =COUNTIF('Estoque de Produtos'!C4:C23,"Unha") | C17: =SUMPRODUCT(('Estoque de Produtos'!C4:C23="Unha")*'Estoque de Produtos'!F4:F23*'Estoque de Produtos'!I4:I23)
A18: Pele/Estética | B18: =COUNTIF('Estoque de Produtos'!C4:C23,"Pele/Estética") | C18: =SUMPRODUCT(('Estoque de Produtos'!C4:C23="Pele/Estética")*'Estoque de Produtos'!F4:F23*'Estoque de Produtos'!I4:I23)
A19: Descartáveis | B19: =COUNTIF('Estoque de Produtos'!C4:C23,"Descartáveis") | C19: =SUMPRODUCT(('Estoque de Produtos'!C4:C23="Descartáveis")*'Estoque de Produtos'!F4:F23*'Estoque de Produtos'!I4:I23)
